-- --------------------------------------------------------
-- Host:                         127.0.0.1
-- Server version:               5.7.25-log - MySQL Community Server (GPL)
-- Server OS:                    Win64
-- HeidiSQL Version:             10.3.0.5771
-- --------------------------------------------------------

/*!40101 SET @OLD_CHARACTER_SET_CLIENT=@@CHARACTER_SET_CLIENT */;
/*!40101 SET NAMES utf8 */;
/*!50503 SET NAMES utf8mb4 */;
/*!40014 SET @OLD_FOREIGN_KEY_CHECKS=@@FOREIGN_KEY_CHECKS, FOREIGN_KEY_CHECKS=0 */;
/*!40101 SET @OLD_SQL_MODE=@@SQL_MODE, SQL_MODE='NO_AUTO_VALUE_ON_ZERO' */;


-- Dumping database structure for nikita_pharmacy
CREATE DATABASE IF NOT EXISTS `nikita_pharmacy` /*!40100 DEFAULT CHARACTER SET utf8 */;
USE `nikita_pharmacy`;

-- Dumping structure for table nikita_pharmacy.category
CREATE TABLE IF NOT EXISTS `category` (
  `id` int(11) NOT NULL AUTO_INCREMENT,
  `name` varchar(255) NOT NULL,
  `sort_order` int(11) NOT NULL DEFAULT '0',
  `status` int(11) NOT NULL DEFAULT '1',
  PRIMARY KEY (`id`)
) ENGINE=InnoDB AUTO_INCREMENT=18 DEFAULT CHARSET=utf8;

-- Dumping data for table nikita_pharmacy.category: ~5 rows (approximately)
/*!40000 ALTER TABLE `category` DISABLE KEYS */;
INSERT INTO `category` (`id`, `name`, `sort_order`, `status`) VALUES
	(13, 'ОРГАНЫ ЧУВСТВ (ГЛАЗА, УШИ)', 1, 1),
	(14, 'ПИЩЕВАРИТЕЛЬНАЯ СИСТЕМА', 2, 1),
	(15, 'ОБЕЗБОЛИВАЮЩИЕ ПРЕПАРАТЫ', 3, 1),
	(16, 'ДЫХАТЕЛЬНАЯ СИСТЕМА', 4, 1),
	(17, 'ВРЕДНЫЕ ПРИВЫЧКИ', 5, 1);
/*!40000 ALTER TABLE `category` ENABLE KEYS */;

-- Dumping structure for table nikita_pharmacy.product
CREATE TABLE IF NOT EXISTS `product` (
  `id` int(11) NOT NULL AUTO_INCREMENT,
  `name` varchar(255) NOT NULL,
  `category_id` int(11) NOT NULL,
  `code` int(11) NOT NULL,
  `price` float NOT NULL,
  `availability` int(11) NOT NULL,
  `brand` varchar(255) NOT NULL,
  `description` text NOT NULL,
  `is_new` int(11) NOT NULL DEFAULT '0',
  `is_recommended` int(11) NOT NULL DEFAULT '0',
  `status` int(11) NOT NULL DEFAULT '1',
  PRIMARY KEY (`id`)
) ENGINE=InnoDB AUTO_INCREMENT=59 DEFAULT CHARSET=utf8;

-- Dumping data for table nikita_pharmacy.product: ~25 rows (approximately)
/*!40000 ALTER TABLE `product` DISABLE KEYS */;
INSERT INTO `product` (`id`, `name`, `category_id`, `code`, `price`, `availability`, `brand`, `description`, `is_new`, `is_recommended`, `status`) VALUES
	(34, 'ЭВКАЗОЛИН АКВА аэроз. 10мл', 13, 1839707, 50, 1, 'Фармак', 'СОСТАВ И ФОРМА ВЫПУСКА:кап. назал. 1 мг/г фл. с вставкой-капельн. 10 гспрей назал. 1 мг/г фл. стекл. с насосом-дозатором 10 гКсилометазолин 1 мг/гФАРМАКОЛОГИЧЕСКИЕ СВОЙСТВА:Эвказолин Аква относится к неселективным α-адреномиметикам. При нанесении на слизистую оболочку носа оказывает противоотечное действие, уменьшает гиперемию и экссудацию, что способствует облегчению носового дыхания, уменьшению кровотока в венозных синусах.Препарат оказывает преимущественно местное действие, всасывается через слизистые оболочки при обычном использовании в незначительном количестве. Действие препарата начинается через 5–10 мин и продолжается в течение 5–6 ч.ПОКАЗАНИЯ:симптоматическое лечение заложенности носа при ОРВИ, сенной лихорадке, аллергических ринитах, синуситах.Для облегчения оттока секрета при заболеваниях придаточных пазух носа.Вспомогательная терапия среднего отита (для уменьшения отека слизистой оболочки полости носа).При диагностических вмешательствах (риноскопии).ПРИМЕНЕНИЕ:Эвказолин Аква каплиДля местного применения. Непосредственно перед применением необходимо подержать флакон с препаратом в ладони, чтобы согреть его до температуры тела. Крышку снимают и, слегка нажимая на резиновую вставку-капельницу, закапывают р-р в нос. После применения флакон всегда закрывают крышкой.Взрослым и детям в возрасте старше 6 лет закапывают по 2–3 капли в каждый носовой ход 3–4 раза в сутки.Курс лечения зависит от течения заболевания и длится не более 10 дней подряд.После окончания курса лечения препарат можно назначать снова только через несколько дней.Эвказолин Аква спрейДля местного применения. Непосредственно перед применением необходимо подержать флакон с препаратом в ладони, чтобы нагреть его до температуры тела.Взрослым и детям в возрасте старше 10 лет по 1 впрыскиванию в каждый носовой ход 3–4 раза в сутки.Курс лечения зависит от течения заболевания и не должен превышать 10 дней подряд.После окончания курса лечения препарат можно назначать снова только через несколько дней и после консультации с врачом. Длительность лечения у детей определяется индивидуально.ПРОТИВОПОКАЗАНИЯ:повышенная чувствительность к любому из компонентов препарата, острые коронарные заболевания, коронарная астма, гипертиреоз, закрытоугольная глаукома, трансфеноидальная гипофизэктомия или наличие в анамнезе трансназальных/трансоральных хирургических вмешательств с обнажением твердой мозговой оболочки. Сопутствующее лечение ингибиторами МАО и на протяжении 2 нед после прекращения их применения.ПОБОЧНЫЕ ЭФФЕКТЫ:возможны побочные явления: жжение в носу или горле, покалывание, сухость в носу, чихание, тошнота, одышка, ангионевротический отек. В единичных случаях возможны системные аллергические реакции. При продолжительном применении или частом использовании высоких концентраций могут отмечаться отек слизистой оболочки носа, проявления резорбтивного эффекта в виде головокружения, головной боли, бессонницы, рвоты, повышения АД, ощущения сердцебиения, нарушения сердечного ритма, кратковременного нарушения зрения. При особенно продолжительном применении препарата в высоких дозах может развиться депрессивное состояние.ОСОБЫЕ УКАЗАНИЯ:препарат не следует применять непрерывно на протяжении длительного периода (более 10 дней подряд) при хроническом рините. Длительная терапия препаратом может привести к противоположному эффекту. Не следует превышать рекомендуемую дозу препарата, особенно при лечении детей и пациентов пожилого возраста.Препарат следует с осторожностью назначать пациентам, у которых при применении адренергических препаратов возникают тяжелые побочные реакции, проявляющиеся в виде бессонницы, головокружения, тремора, сердечной аритмии, повышения АД.Следует с осторожностью назначать препарат пациентам с сердечно-сосудистыми заболеваниями, АГ, больным сахарным диабетом, с заболеваниями щитовидной железы, с затрудненным мочеиспусканием.В связи с сосудосуживающим действием препарата возможно повышение внутриглазного давления.Каждую упаковку капель или спрея должен использовать только один человек, чтобы избежать инфицирования.Период беременности и кормления грудью: препарат не применять во время беременности.Неизвестно, проникает ли ксилометазолин в грудное молоко, поэтому женщинам, которые кормят грудью, можно применять препарат только тогда, когда, по мнению врача, ожидаемая польза для матери превышает потенциальный риск для ребенка.Дети. Эвказолин Аква в форме капель применяют у детей в возрасте старше 6 лет, в форме спрея — детям в возрасте старше 10 лет.Способность влиять на скорость реакции при управлении транспортом или работе с другими механизмамиПрепарат не влияет на способность управлять транспортными средствами и сложными механизмами при применении в рекомендуемых дозах, но следует учитывать вероятность возникновения временного нарушения зрения.ВЗАИМОДЕЙСТВИЯ:Эвказолин Аква взаимодействует с другими препаратами только при наличии резорбтивного эффекта. Симпатомиметики других групп усиливают действие Эвказолина Аква. Адренолитики и симпатолитики, антагонисты ионов кальция снижают его эффект. Эвказолин Аква уменьшает выраженность действия и психостимулирующих эффектов трициклических антидепрессантов, влияние МАО на сердечно-сосудистую систему.ПЕРЕДОЗИРОВКА:при слишком частом использовании препарата могут проявляться симптомы передозировки в виде головной боли, сухости в носу, тошноты, депрессии, повышения АД, кратковременного нарушения зрения, возможно повышение внутриглазного давления. Необходимо прекратить применение препарата и назначить препараты-антагонисты: симпатолитики и блокаторы α-адренорецепторов (фентоламин, тропафен), симптоматическую терапию. Если препарат случайно принят внутрь, необходимо промыть желудок, назначить энтеросорбенты и слабительные средства, блокаторы α-адренорецепторов и симптоматическую терапию.УСЛОВИЯ ХРАНЕНИЯ:в защищенном от света месте при температуре не выше 25 °С.', 0, 0, 1),
	(35, 'АЗОПТ гл. капли 1% 5мл', 13, 2343847, 255, 0, ' ALCON', '', 1, 1, 1),
	(36, 'АТРОПИНА СУЛЬФАТ кап.глаз. фл. 1% 5мл', 13, 2028027, 39, 1, 'ОЗ ГНЦЛС ХАРЬКОВ', '', 0, 1, 1),
	(37, 'БРИМОНАЛ глаз.кап. 0,2% 10мл фл.кап. N1', 13, 2019487, 205, 1, 'УНИМЕД ФАРМА', '', 0, 1, 1),
	(38, 'БРОКСИНАК капли гл. 0.09 %', 13, 1953212, 168, 1, ' Сентисс Фарма', '', 0, 0, 1),
	(39, 'ВИЗИН капли глаз. 0,05% фл. 15мл', 13, 1602042, 99, 0, ' JANSSEN-CILAG корпорации JOHNSON & JOHNSON (OTS)', '', 0, 0, 1),
	(40, 'ДЕКСАМЕТАЗОН кап. гл.сусп.1мг/мл фл. 5мл', 13, 2028367, 49, 1, ' Варшавский ФЗ', '', 0, 1, 1),
	(41, 'УГОЛЬ БЕЛЫЙ', 14, 1129365, 137, 1, ' ОМНИФАРМ', '', 1, 1, 1),
	(42, 'АЛЬМАГЕЛЬ НЕО сусп.пакет 10мл', 14, 1128670, 231, 1, 'ACTAVIS OTS 2', 'СОСТАВ И ФОРМА ВЫПУСКА:сусп. д/перорал. прим. пакетик 10 мл, № 20 Алюминия гидроксид	680 мг/10 мл Магния гидроксид	790 мг/10 мл Симетикон	72 мг/10 млФАРМАКОЛОГИЧЕСКИЕ СВОЙСТВА:Алмагель Нео — сбалансированный гель алюминия гидроксида и магния гидроксида в комбинации с ветрогонным компонентом — симетиконом. Оказывает длительное антацидное действие, оказывает мягкий слабительный эффект, успешно устраняет запоры и снижает метеоризм у больных с язвой желудка.Двойной механизм действия, сочетающий кислотонейтрализующую способность и цитопротекторную активность, обеспечивает защиту слизистой оболочки желудка и ее заживление при повреждении.Щелочные активные компоненты препарата мелко диспергированы, благодаря чему увеличивается их активная поверхность, обеспечивается более тесный контакт с поверхностью слизистой оболочки желудка и двенадцатиперстной кишки, замедляется эвакуация содержимого желудка и пролонгируется нейтрализующий эффект.Цитопротекторная активность связана с активацией синтеза простагландинов, стимулирующих секрецию слизи и бикарбонатов со слизистой оболочки желудка.Учитывая способность препарата связывать желчные кислоты и лизолецитин, а также оказывать гастропротекторное действие, Алмагель Нео можно применять для лечения дуоденогастрального рефлюкса.Симетикон, который входит в состав препарата Алмагель Нео, способствует устранению метеоризма. Симетикон является стабильным силиконовым соединением, не всасывается в ЖКТ, вызывает естественное высвобождение газов и их поглощение стенками кишечника. Симетикон оказывает действие в просвете тонкого кишечника и выводится из организма в неизмененном виде.Составляющие препарата не всасываются в ЖКТ и таким образом не приводят к клинически значимым плазменным концентрациям при применении в рекомендованных дозах и при рекомендованной продолжительности лечения.Алюминия гидроксид нейтрализует повышенную секрецию соляной кислоты в желудке, образуя алюминия хлорид. Под влиянием щелочной среды кишечника последний превращается в щелочные соли алюминия, которые мало всасываются и выводятся с калом. При нормальной функции почек плазменный уровень алюминия практически не изменяется.Магния гидроксид также нейтрализует соляную кислоту в желудке и превращается в магния хлорид. В кишечнике он превращается в магния карбонат, который плохо всасывается, поэтому концентрация ионов магния в крови практически не изменяется.У больных с хронической почечной недостаточностью уровень ионов алюминия и магния может повыситься до токсических значений вследствие нарушения их выведения.ПОКАЗАНИЯ:симптоматическое лечение заболеваний пищеварительного тракта, сопровождающихся повышенной или нормальной кислотностью желудочного сока и повышенным газообразованием.Препарат применять самостоятельно или в комбинации с другими лекарственными средствами при:- гастрите и дуодените;- язве желудка и двенадцатиперстной кишки;- эрозиях желудка и двенадцатиперстной кишки;- гастроэзофагеальной рефлюксной болезни;- дуоденогастральном рефлюксе;- функциональной диспепсии;- метеоризме, дискомфорте в результате повышенного газообразования.ПРИМЕНЕНИЕ:взрослым и детям старше 14 лет: при гастроэзофагеальной рефлюксной болезни рекомендуемая доза составляет 10–15 мл (2–3 мерные ложки) или 1 пакетик 4 раза в сутки через 1 ч после приема пищи и перед сном. После достижения желаемого эффекта рекомендуемая доза составляет 10 мл (2 мерные ложки) или 1 пакетик 4 раза в сутки.При гастритах, дуодените, эрозиях желудка и двенадцатиперстной кишки, язвенной болезни желудка и двенадцатиперстной кишки, дуоденогастральном рефлюксе, функциональной диспепсии, метеоризме рекомендуемая доза составляет 10 мл (2 мерные ложки) или 1 пакетик 4 раза в сутки через 1 ч после приема пищи и перед сном.Продолжительность лечения определяет врач.Максимальная суточная доза — 60 мл (12 мерных ложек или 6 пакетиков), максимальная продолжительность лечения — 4 нед.Если симптомы не исчезают, следует обратиться к врачу.Препарат необходимо принимать в неразбавленном виде. Не рекомендуется употребление жидкости в течение 30 мин после приема. Перед применением суспензию необходимо тщательно гомогенизировать, встряхивая флакон.Пациенты с нарушением функции почек. Лекарственное средство следует принимать после консультации с врачом. При длительном применении необходимо учитывать состояние функции почек.ПРОТИВОПОКАЗАНИЯ:гиперчувствительность к любому из действующих и/или вспомогательных веществ, входящих в состав лекарственного средства. Тяжелые нарушения функции почек, в том числе у пациентов на гемодиализе, у которых существует риск повышения концентрации ионов алюминия и магния в плазме крови до токсических уровней в результате уменьшения выделения через почки. Гипофосфатемия, тяжелый остеопороз, болезнь Альцгеймера, привычный запор, хроническая диарея, кишечная непроходимость, подозрение на аппендицит, кровотечения из ЖКТ невыясненного происхождения, тяжелая боль в животе неуточненного генеза, язвенный колит, состояния, вызывающие нарушение водно-электролитного баланса.ПОБОЧНЫЕ ЭФФЕКТЫ:длительное применение препарата или прием его в высоких дозах могут вызвать синдром дефицита фосфора (потеря аппетита, мышечная слабость, уменьшение массы тела).Следует учитывать, что даже при применении препарата в обычных дозах у пациентов, рацион питания которых характеризуется низким содержанием фосфора, возможно уменьшение содержания фосфора в организме, усиление процессов резорбции в костной ткани, гиперкальциурия, остеомаляция, остеопороз, поскольку это лекарственное средство содержит алюминий (см. ОСОБЫЕ УКАЗАНИЯ). У пациентов с почечной недостаточностью отмечаются повышенные плазменные концентрации как алюминия, так и магния, поэтому длительное применение солей алюминия и магния в высоких дозах может приводить к развитию энцефалопатии, деменции, микроцитарной анемии или ухудшить течение остеомаляции, индуцированной диализом.Алюминия гидроксид может быть опасен для пациентов с порфирией, находящихся на гемодиализе.Побочные реакции:- со стороны ЖКТ: нарушение вкуса (ощущение привкуса мела), диарея, запор, тошнота, рвота, изменение цвета каловых масс;- со стороны иммунной системы: реакции гиперчувствительности, в том числе бронхоспазм, зуд, крапивница, ангионевротический отек и анафилактические реакции.В случае выявления каких-либо нежелательных воздействий или необычных реакций следует проконсультироваться с врачом относительно дальнейшего применения препарата.ОСОБЫЕ УКАЗАНИЯ:перед началом применения препарата следует исключить наличие злокачественного процесса.Алюминия гидроксид может привести к запору, а магния гидроксид — обусловить гипокинезию кишечника. Применение этого продукта в высоких дозах может вызвать или осложнить обструкцию кишечника и кишечную непроходимость, особенно у пациентов с повышенным риском таких осложнений, например, у пациентов с почечной недостаточностью или у лиц пожилого возраста.Больным следует обратиться к врачу в случае:- уменьшения массы тела;- возникновения затруднений при глотании или постоянном ощущении дискомфорта в животе;- расстройства пищеварения, которое появилось впервые, или изменений течения существующих нарушений пищеварения;- почечной недостаточности.У пациентов с нарушением функции почек возможно повышение плазменных уровней алюминия и/или магния, поэтому следует учитывать, что длительное применение препарата в высоких дозах может привести к развитию деменции и микроцитарной анемии.При длительном применении препарата необходимо обеспечить поступление в организм достаточного количества фосфора, поскольку гидроксид алюминия связывается с фосфатами и снижает их всасывание в ЖКТ. Повышается выведение кальция с мочой, что может привести к нарушениям кальциево-фосфатного равновесия и создавать условия для развития остеомаляции (симптомы — жалобы на слабость и боль в костях).Во время лечения больных с почечной недостаточностью необходимо контролировать в динамике показатели состояния почек, размер язвы, появление диареи, плазменный уровень алюминия и магния.Каждая доза (10 мл) препарата Алмагель Нео содержит:- 0,226 г этанола, наличие которого может негативно повлиять на состояние пациентов с заболеваниями печени и мозга, у лиц с алкогольной зависимостью, эпилепсией, у беременных и у детей в возрасте до 14 лет;- 0,95 г сорбитола, который противопоказан пациентам с редкими наследственными заболеваниями, такими как непереносимость фруктозы.Парабены, входящие в состав препарата Алмагель Нео в качестве вспомогательных веществ, могут вызвать аллергические реакции, в том числе крапивницу, бронхоспазм.Применение в период беременности или кормления грудью. В связи с отсутствием данных адекватных клинических исследований женщинам в период беременности препарат можно применять только по назначению врача в случае, если ожидаемая польза для матери превышает возможный риск для плода/ребенка.Следует учитывать содержание ионов алюминия и магния, способных влиять на транзит в ЖКТ, а именно:- соли магния гидроксида могут вызвать диарею;- соли алюминия могут быть причиной запора и ухудшать течение запоров, что часто отмечается в период беременности, поэтому следует избегать длительного применения и превышения доз этого препарата.При применении у беременных препарат может нанести ущерб в связи с содержанием этилового спирта (0,226 г в одной дозе).Во время лечения препаратом следует прекратить кормление грудью.Способность влиять на скорость реакции при управлении транспортными средствами или работе с другими механизмами. Нет данных относительно негативного влияния на способность управлять транспортными средствами или работать со сложными механизмами.Дети. Препарат можно применять у детей в возрасте старше 14 лет. Безопасность и эффективность применения препарата у детей в возрасте до 14 лет не установлены.ВЗАИМОДЕЙСТВИЯ:препарат взаимодействует с некоторыми другими лекарственными средствами, применяемыми перорально. Отмечают уменьшение объема всасывания лекарственных средств, принимаемых одновременно, в ЖКТ. В качестве меры предосторожности между приемами антацидов и других лекарственных средств следует делать перерыв.Рекомендуется принимать за 2 ч до или через 2 ч после применения препарата Алмагель Нео: антибиотики группы тетрациклина (тетрациклин, доксициклин), фторхинолоны (ципрофлоксацин, норфлоксацин, офлоксацин), H2-антигистаминные средства, противотуберкулезные препараты: этамбутол, изониазид (пероральный), атенолол, метопролол, пропранолол, хлорохин, циклины, дифлунизал, дигоксин, дифосфонаты, фексофенадин, железо (соли), натрия фторид, ГКС (описано взаимодействие с преднизолоном и дексаметазоном), индометацин, кайексалат, кетоконазол, ланзопразол, линкозамиды, фенотиазиновые нейролептики, пеницилламин, фосфор (добавки), тироксин.Комбинации, которые следует учитывать: при одновременном применении с салицилатами усиливается выделение салицилатов почками вследствие ощелачивания мочи.Препарат не применять одновременно с хинолинами.Может нарушаться выведение хинидина с проявлениями хинидиновой токсичности, особенно у больных с почечной недостаточностью.Одновременное применение с холинергическими средствами снижает их эффективность.Одновременное применение алюминия гидроксида и цитратов может приводить к повышению уровней алюминия, особенно у пациентов с почечной недостаточностью.Применение препарата одновременно с лекарственными средствами, имеющими кишечно-растворимую оболочку, может привести к более быстрому растворению оболочки и раздражению желудка и двенадцатиперстной кишки.Препарат может уменьшить всасывание фолиевой кислоты.При комбинированном применении с левотироксином возможно уменьшение выраженности его гормонального действия. Пирензепин продлевает действие препарата Алмагель Нео.ПЕРЕДОЗИРОВКА:длительное применение препарата может вызвать гипермагниемию, несмотря на то, что препарат почти не всасывается в ЖКТ. Симптомы передозировки проявляются быстрой утомляемостью, покраснением лица, истощением, мышечной слабостью и неадекватным поведением.Могут отмечать также признаки метаболического алкалоза: изменение настроения или умственной активности, онемение или боль в мышцах, нервозность и быстрая утомляемость, замедление дыхания, неприятные вкусовые ощущения.При подозрении на передозировку препарата или появлении клинических признаков необходимо отменить препарат и принять меры по быстрому выведению препарата из ЖКТ (ввести активированный уголь, сделать промывание желудка и другие процедуры для уменьшения всасывания ионов алюминия и магния).Лечение при передозировке магнием: регидратация, форсированный диурез. Можно назначить кальция глюконат в/в. В случае почечной недостаточности необходим гемодиализ или перитонеальный диализ.УСЛОВИЯ ХРАНЕНИЯ:в оригинальной упаковке при температуре не выше 25 °C. Не замораживать. После первого раскрытия первичной упаковки суспензию можно хранить на протяжении 30 дней при температуре не более 25 °C.', 0, 0, 1),
	(43, 'АРТИХОЛ тбл. 0,2г', 14, 683364, 73, 1, 'КИЕВСКИЙ ВИТАМИННЫЙ ЗАВОД', '', 0, 0, 1),
	(44, 'АНАЛЬГИН амп. 50% 2мл', 15, 355025, 28, 1, ' ЗДОРОВЬЕ НАРОДА', '', 0, 0, 1),
	(45, 'АЛТЕЙКА ГАЛИЧФАРМ табл. 0,1г N20', 16, 1563832, 36, 1, 'АРТЕРИУМ', 'СОСТАВ И ФОРМА ВЫПУСКА:табл. д/жев. 100 мг блистер, в пачке, № 201 таблетка содержит мукалтина 100 мг; вспомогательные вещества: магния карбонат основной, аспартам, кислота винная, повидон, сахароза, кальция стеарат, кремния диоксид коллоидный безводный, ароматизатор (апельсин).ФАРМАКОЛОГИЧЕСКИЕ СВОЙСТВА:Алтейка Галичфарм — отхаркивающее средство, действие которого обусловлено секретолитическими и бронхолитическими свойствами. Препарат оказывает умеренное противокашлевое действие, уменьшает количество приступов кашля и их интенсивность. Нормализует измененную бронхолегочную секрецию, улучшает выведение мокроты: снижает ее вязкость и адгезивные свойства, облегчает продвижение мокроты из нижних в верхние отделы дыхательных путей и ее отхаркивание.Алтейка Галичфарм нетоксичен и не оказывает местного раздражающего эффекта.ПОКАЗАНИЯ:кашель при острых и хронических заболеваниях дыхательных путей: бронхит, пневмония, бронхоэктатическая болезнь, БА, туберкулез легких с явлениями неспецифического бронхита.ПРИМЕНЕНИЕ:взрослым и детям в возрасте старше 12 лет назначают по 1 таблетке 3–4 раза в сутки до еды. Таблетки следует разжевывать и запивать небольшим количеством воды.Однократная доза для детей в возрасте 3–12 лет — 1 таблетка.Курс лечения определяется врачом в зависимости от формы заболевания и обычно составляет от 7 дней до 1–2 мес.ПРОТИВОПОКАЗАНИЯ:повышенная чувствительность к мукалтину или другим компонентам препарата, возраст до 3 лет.ПОБОЧНЫЕ ЭФФЕКТЫ:в некоторых случаях возможны аллергические реакции в виде крапивницы, зуда кожи.ОСОБЫЕ УКАЗАНИЯ:иногда у пациентов с хроническими воспалительными заболеваниями легких в начале лечения препаратом Алтейка Галичфарм может повышаться вязкость мокроты за счет отделения мокроты, накопившейся в бронхиальном дереве и содержащей большое количество детрита, белков и воспалительных элементов. Поэтому при диффузном поражении бронхов, значительных изменениях физико-химических свойств мокроты и снижении мукоцилиарного транспорта терапию препаратом Алтейка Галичфарм необходимо сочетать с назначением муколитических препаратов.Применение в период беременности и кормления грудью. Опыт применения у беременных и в период кормления грудью отсутствует.Способность влиять на скорость реакции при управлении транспортными средствами и работе с другими механизмами. Не влияет.Дети. Препарат не применяют у детей в возрасте до 3 лет.ВЗАИМОДЕЙСТВИЯ:в настоящее время нет данных о лекарственных взаимодействиях препарата Алтейка Галичфарм. Не следует назначать одновременно с препаратами, угнетающими кашель (кодеин).ПЕРЕДОЗИРОВКА:при применении препарата в указанных терапевтических дозах передозировка невозможна. При длительном применении или передозировке могут возникнуть тошнота и рвота.УСЛОВИЯ ХРАНЕНИЯ:в оригинальной упаковке при температуре 8–15 °С.', 0, 0, 1),
	(46, 'АНТИМИГРЕН тбл. 0,05г', 15, 355025, 28, 1, 'ЗДОРОВЬЕ,ХАРЬКОВ', 'Общая характеристика:международное и химическое названия: суматриптан; sumatriptan; 3-[2-(диметиламино)этил]-N-метилиндол-5-метансульфанамида сукцинат;основные физико-химические свойства: таблетки, покрытые оболочкой, белого c кремоватым оттенком цвета.состав: 1 таблетка содержит суматриптана в форме суматриптана сукцината 50 мг или 100 мг;вспомогательные вещества: целактоза, крахмал картофельный, натрию кроскармеллоза, повидон (поливинилпирролидон низкомолекулярный медицинский), кремния диоксид коллоидный безводный (аэросил), кальция стеарат, титана диоксид, гипромеллоза (гидроксипропилметилцеллюлоза).Форма выпуска.Таблетки, покрытые оболочкой.Фармакотерапевтическая группа.Средства, применяемые при мигрени. Селективные агонисты 5НТ1–рецепторов серотонина. Суматриптан N02С С01.Фармакологические свойства.Фармакодинамика. Активирует серотонинергические антиноцицептивные механизмы ствола мозга, избирательно возбуждает 5НТ1D-серотониновые рецепторы сосудов головного мозга (твёрдой мозговой оболочки базилярной артерии), угнетает активацию тригеминальной системы и уменьшает накопление специфического стимулирующего протеина в ядрах тройничного нерва. Вызывает избирательное сужение расширенных во время приступа сосудов системы сонной артерии, снабжающей кровью экстра- и интракраниальные ткани, в т.ч. и мозговые оболочки, не влияя при этом на мозговой кровоток. Патологическое расширение этих сосудов является основным механизмом возникновения приступа мигрени у человека. Указанные эффекты препарата прекращают или ослабляют приступ мигрени и лежат в основе противомигренозной активности суматриптана. Купирует в 50-70% случаев самый тяжёлый приступ мигрени через 20-30 минут (максимум через час) после перорального приема, через 2-3 часа работоспособность пациента восстанавливается полностью. Устраняет ассоциированные с атакой мигрены тошноту и фотофобии. Не действует на другие подтипы серотониновых рецепторов (5НТ2-5НТ7), а также на адренергические, бенздиазепиновые, мускариновые и допаминовые рецепторы.Фармакокинетика. После перорального приема суматриптан быстро всасываетсяв пищеварительном тракте, через 45 минут его концентрация в крови достигает 70%от максимальной. Однако, его абсолютная биодоступность при пероральномприёме составляет лишь около 15% вследствие пресистемного метаболизма и неполного всасывания.Максимальная концентрация в крови после приёма 100 мг составляет в среднем 54 нг/мл и достигается в течение 2-2,5 часа ( при приступе мигрени несколько быстрее, чем между приступами). Связывание с белками плазмы крови относительно низкое – 14-21 %. Выводится преимущественно (97%) в виде неактивных метаболитов.Показания к применению.Купирование острого приступа мигрени (с аурой или без нее) и сопутствующих симптомов у взрослых.Способ применения и дозы.Препарат принимают как можно раньше после возникновения приступа мигрени, но он одинаково эффективен на любой стадии приступа.Взрослым назначают, как правило, по 50 мг, в отдельных случаях – 100 мг. Если симптомы мигрени не исчезают или не уменьшаются после приёма первой дозы, препарат не рекомендуется принимать повторно для купирования приступа, который продолжается. Однако, если симптомы приступа прошли или уменьшились после первой дозы, препарат можно принять повторно для купирования последующих приступов в течение следующих 24 часов, но не ранее, чем через 2 часа после приёма первой дозы. В течение любого 24-часового периода максимальная доза препарата Антимигрен-Здоровье не должна превышать 300 мг.Побочное действие.Со стороны сердечно-сосудистой системы. Изредка возможны артериальная гипотензия, брадикардия, ощущение сердцебиения, тахикардия, транзиторное повышение артериального давления, очень редко – нарушения сердечного ритма, преходящие изменения ЭКГ ишемического типа, спазм коронарных артерий.Со стороны пищеварительной системы. У отдельных больных возможны незначительное повышение активности ферментов печени, дисфагия, ощущение дискомфорта в животе.Со стороны центральной нервной системы. Изредка возможны– приливы, головокружение, слабость (обычно слабо или умеренно выражены и кратковременны), в отдельных случаях - судорожные приступы (обычно в анамнезе таких пациентов присутствует эпилепсия или органические поражения мозга, которые связаны с риском развития судорожного синдрома, например, после черепно-мозговых травм), иногда после приёма препарата отмечается диплопия, нистагм, снижение остроты зрения, очень редко – кратковременная частичная потеря зрения (при этом следует иметь в виду, что нарушения зрения могут быть связаны с самим приступом мигрени).Аллергические реакции. Изредка возможны – кожная сыпь, зуд, эритема.Прочие. Изредка – боль, ощущение покалывания, жжения, тяжести, давления или сжатия, которые являются преходящими и могут возникать в любой части тела, включая грудную клетку и горло.Противопоказания.Ишемическая болезнь сердца (ИБС), в т.ч. инфаркт миокарда, постинфарктный кардиосклероз, стенокардия Принцметала, или наличие кардиологических симптомов, позволяющих предположить ИБС. Неконтролируемая артериальная гипертензия. Окклюзионные заболевания периферических сосудов. Преходящие нарушения мозгового кровообращения или инсульт (в т.ч. в анамнезе). Выраженные нарушения функции печени и почек. Одновременный приём препаратов, содержащих эрготамин или его производные (в т.ч. метисергид). Одновременный прием ингибиторов моноаминооксидазы (МАО) и период до 14 дней после их отмены. Беременность, период лактации (не рекомендуется кормить ребёнка грудью в течение 24 часов после приёма препарата). Возраст пациентов до 14 лет и старше 65 лет. Повышенная индивидуальная чувствительность к препарату.Передозировка.Случаи передозировки суматриптана при пероральном приёме до настоящего времени не известны. Возможны симптомы, приведенные в разделе «Побочное действие». При передозировке следует проводить симптоматическую терапию. Обеспечить врачебное наблюдение в течение 10 часов. Эффективность гемодиализа и перитонеального диализа не установлена.Особенности применения.Антимигрен-Здоровье следует назначать только в том случае, когда диагноз мигрени не вызывает сомнения. Нельзя превышать рекомендуемые дозы. Препарат не применяют при гемиплегической, базилярной и офтальмоплегической форме мигрени. Препарат не предназначен для применения с целью профилактики приступа мигрени. Антимигрен-Здоровье необходимо с осторожностью назначать больным эпилепсией или с другими формами судорожного синдрома (в т.ч. в анамнезе); пациентам с контролируемой артериальной гипертензией из-за опасности транзиторного повышения общего периферического сопротивления сосудов и артериального давления; пациентам, относящимся к группе риска развития патологии сердечно-сосудистой системы (женщины в постклимактерический период, мужчины старше 40 лет, лица с факторами риска ИБС); при нарушениях функции печени или почек или других заболеваниях, при которых возможны существенные изменения всасывания, метаболизма и выведения суматриптана. После приёма препарата могут возникать такие преходящие явления, как чувство стеснения в груди и боль с иррадиацией в шею; в таких случаях следует провести диагностическое обследование с целью выяснения связи этих симптомов с ИБС. С осторожностью назначают водителям транспорта и лицам, работа которых требует точной координации движений.Взаимодействие с другими лекарственными средствами.Одновременный приём с эрготамином или его производными может вызвать длительный спазм сосудов, поэтому препарат можно применять не ранее, чем через 24 часа после приёма эрготамина, а средства, содержащие эрготамин или его производные, можно применять не ранее, чем через 6 часов после приёма препаратов суматриптана. Возможно взаимодействие между суматриптаном и ингибиторами МАО (пиразидол, мелипрамин и др.), их одновременное применение противопоказано. Есть отдельные сообщения о развитии слабости, гиперрефлексии и нарушении координации у пациентов после одновременного приёма суматриптана и селективных ингибиторов обратного захвата серотонина (флуоксетин и др.). Не отмечено взаимодействие суматриптана с пропранололом, флунаризином, пизотифеном и этанолом.Условия и срок хранения.Хранить в сухом, защищенном от света месте при температуре от 15ºС до 25 ºС. Хранить в недоступном для детей месте.Срок годности – 2 года.', 0, 0, 1),
	(47, 'АСПИРИН тбл. 500мг', 15, 355025, 84, 1, 'BAYER CONSUMER CARE', '', 0, 0, 1),
	(48, 'ДОЛАРЕН тбл.', 15, 355025, 309, 1, 'DOCTOR REDDY`S LAB', '', 0, 0, 1),
	(49, 'ИБУПРОМ МАКС тбл. 400мг N24', 15, 355025, 162, 1, ' US PHARMACIA INTERNATIONAL', '', 0, 0, 1),
	(50, 'ИБУФЕН ЮНИОР капс. 200мг N10', 15, 355025, 56, 1, ' POLPHARMA', '', 0, 0, 1),
	(51, 'АМБРОБЕНЕ р-р 7,5мг/мл фл. 40мл', 16, 1563832, 93, 1, 'TEVA OTS', 'СОСТАВ И ФОРМА ВЫПУСКА:\r\n\r\nр-р оральный 7,5 мг/мл фл. с пробкой-капельницей 40 мл, с дозир. стаканч.\r\n\r\n Амброксола гидрохлорид	7,5 мг/мл\r\nПрочие ингредиенты: калия сорбат, кислота хлористоводородная 25%, вода очищенная.\r\n\r\nФАРМАКОЛОГИЧЕСКИЕ СВОЙСТВА:\r\n\r\nАмбробене — муколитический препарат. Оказывает бронхосекретолитическое и секретомоторное (отхаркивающее) действие. Амбробене нормализует нарушение бронхолегочной секреции, улучшает реологические показатели мокроты, снижает ее вязкость и облегчает отхождение из бронхов.\r\nПосле перорального применения Амбробене практически полностью всасывается в ЖКТ. Действие начинается через 30 мин и длится на протяжении 6–12 ч. Метаболизируется в печени. Т½ составляет 8–10 ч. Около 90% препарата выводится с мочой.\r\n\r\nПОКАЗАНИЯ:\r\n\r\nсекретолитическая терапия при острых и хронических бронхопульмональных заболеваниях, связанных с нарушением бронхиальной секреции и ослаблением продвижения слизи.\r\n\r\nПРИМЕНЕНИЕ:\r\n\r\nпрепарат принимают после еды; таблетки, капсулы запивают достаточным количеством теплой жидкости (чай, бульон).\r\nТаблетки: взрослым и детям в возрасте старше 12 лет в первые 3 дня назначают по 1 таблетке 3 раза в сутки (эквивалент — 30 мг амброксола гидрохлорида 3 раза в сутки), затем по 1 таблетке 2 раза в сутки (эквивалент — 30 мг амброксола гидрохлорида 2 раза в сутки). У детей в возрасте до 12 лет рекомендуется применять Амбробене сироп.\r\nКапсулы ретард: назначают взрослым и детям старше 12 лет по 1 капсуле ежедневно.\r\nР-р для приема внутрь. дозируют с помощью прилагаемого дозирующего стаканчика. Взрослым внутрь назначают в первые 2–3 дня по 4 мл 3 раза в сутки, затем по 4 мл 2 раза или по 2 мл 3 раза в сутки. Детям в возрасте до 2 лет назначают по 1 мл 2 раза в сутки; от 2 до 5 лет — по 1 мл 3 раза в сутки; от 6 до 12 лет — по 2 мл 2–3 раза в сутки.\r\nПри нарушениях функции почек и тяжелых нарушениях функции печени препарат можно применять только под контролем врача. В этом случае необходимо снизить дозу и увеличить время между приемом препарата.\r\nСироп назначают взрослым в первые 2–3 дня по 10 мл 3 раза в сутки; затем по 10 мл 2 раза или по 5 мл 3 раза в сутки.\r\nДлительность лечения препаратом Амбробене зависит от особенностей течения заболевания. О применении препарата дольше 4–5 дней решает врач.\r\nДетям в возрасте до 2 лет (кроме новорожденных и недоношенных) назначают по 2,5 мл 2 раза в сутки; от 2 до 5 лет — по 2,5 мл 3 раза в сутки; от 6 до 12 лет — по 5 мл 2–3 раза в сутки.\r\n\r\nПРОТИВОПОКАЗАНИЯ:\r\n\r\nповышенная чувствительность к амброксолу или любому другому компоненту препарата, пептическая язва желудка и двенадцатиперстной кишки, I триместр беременности, период кормления грудью, возраст до 12 лет (таблетки).\r\n\r\nПОБОЧНЫЕ ЭФФЕКТЫ:\r\n\r\nредко (≥0,1%–<1%) — аллергические реакции: сыпь на коже, отек лица, одышка, зуд, крапивница, ринорея. Есть отдельные (<0,01%) сообщения об анафилактических реакциях, включая анафилактический шок.\r\nСо стороны ЖКТ: редко (≥0,1%–<1%) — дискомфорт в желудке, диарея, тошнота, рвота, изжога.\r\nВ единичных случаях могут отмечать проявления аллергических реакций (сыпь на коже). Сообщалось, что в отдельных случаях отмечались аллергический контактный дерматит и анафилактический шок. Получены отдельные сообщения о таких реакциях, как синдром Стивенса — Джонсона и синдром Лайелла, которые ассоциировались с применением амброксола. При появлении кожных реакций или реакций на слизистых оболочках больному следует прекратить применение препарата и немедленно обратиться к врачу.\r\n\r\nОСОБЫЕ УКАЗАНИЯ:\r\n\r\nу пацинтов с бронхомоторными нарушениями и со значительным количеством слизи препарат необходимо применять с осторожностью из-за риска обтурации бронхов слизью.\r\nУ пациентов с нарушением функции почек и тяжелыми заболеваниями печени амброксола гидрохлорид следует принимать только под наблюдением врача (при продлении периода лечения или при повышении дозы препарата).\r\nУ пациентов с тяжелой почечной недостаточностью возможно накопление метаболитов амброксола в печени.\r\nАмбробене сироп содержит сорбит. Энергетическая ценность сорбита — 2,6 ккал/г.\r\n5 мл сиропа содержат 2,1 г сорбитола (соответствует 0,18 ХЕ) и являются источником 0,53 г фруктозы (сироп не следует назначать пациентам с непереносимостью фруктозы).\r\nПациентам с наследственной гиперчувствительностью к фруктозе, галактозе, недостаточностью лактазы или с нарушением всасывания глюкозы-галактозы не рекомендуется применять препарат. Амбробене сироп содержит сахарин натрия, что необходимо учитывать больным сахарным диабетом.\r\nПрименение в период беременности и кормления грудью. Амброксол проникает через плацентарный барьер. Несмотря на отсутствие достоверных данных о влиянии амброксола на плод и ребенка, применение амброксола во II и III триместр беременности возможно только после тщательного анализа соотношения польза/риск. Применять препарат в I триместр беременности не рекомендуется.\r\nАмброксол проникает в грудное молоко, поэтому не рекомендуется применение препарата в период кормления грудью. В случае необходимости перед применением амброксола гидрохлорида следует прекратить кормление грудью.\r\nДети. Опыта применения сиропа у недоношенных и новорожденных детей нет. У детей в возрасте до 2 лет применение сиропа возможно только под наблюдением врача.\r\nПрепарат в форме капсул пролонгированного действия не рекомендуется применять у пациентов в возрасте до 18 лет. Для детей рекомендуется применение в форме сиропа и р-ра.\r\n\r\nВЗАИМОДЕЙСТВИЯ:\r\n\r\nодновременное применение амброксола гидрохлорида с противокашлевыми лекарственными средствами (например кодеином) не рекомендуется из-за затруднения отхождения мокроты из бронхов на фоне уменьшения кашля.\r\nОдновременное применение амброксола гидрохлорида с антибиотиками (амоксициллин, цефуроксим, эритромицин, доксициклин) способствует повышению их концентрации в легочной ткани.\r\n\r\nПЕРЕДОЗИРОВКА:\r\n\r\nвозможны снижение АД, гиперсаливация, тошнота, рвота. Лечение: симптоматическая терапия, промывание желудка.\r\n\r\nУСЛОВИЯ ХРАНЕНИЯ:\r\n\r\nсироп — при температуре до 25 °C; таблетки, капсулы, р-р не требуют специальных условий хранения.', 0, 0, 1),
	(52, 'АМБРОКСОЛ-БХФЗ сироп фл. 30мг/5мл 100мл', 16, 1563832, 35, 1, 'БОРЩАГОВСКИЙ ХФЗ (пересек)', '', 0, 0, 1),
	(53, 'АЦЦ 100 пор.д/п р-ра 100мг пакет 3г N20', 16, 1563832, 131, 1, 'SANDOZ OTS', '', 0, 0, 1),
	(54, 'БРОНХО-МУНАЛ-П капс. 3.5мг N30', 16, 1563832, 737, 1, 'SANDOZ PHARMA', '', 0, 0, 1),
	(55, 'БРОНХОСТОП сироп фл. 120 мл', 16, 1563832, 148, 1, 'Квизда Фарма Гмбх, Австрия', '', 0, 0, 1),
	(56, 'НИКОРЕТТЕ ЗИМНЯЯ МЯТА резинка жев. 2мг N30', 17, 1563832, 256, 1, 'JANSSEN-CILAG корпорации JOHNSON & JOHNSON OTS)', '', 0, 0, 1),
	(57, 'АЛКОДЕЗ IC табл. 0,5г N4', 17, 1563832, 72, 1, 'ИНТЕРХИМ ВАТ', '', 0, 0, 1),
	(58, 'ТАБЕКС тбл. 1,5мг N100', 17, 1563832, 339, 1, 'SOPHARMA', 'СОСТАВ И ФОРМА ВЫПУСКА:табл. п/о 1,5 мг, № 100 Цитизин	1,5 мгПрочие ингредиенты: лактозы моногидрат, целлюлоза микрокристаллическая, магния стеарат, тальк, опадрай II коричневый 85F 26948.ФАРМАКОЛОГИЧЕСКИЕ СВОЙСТВА:алкалоид цитизин, являющийся активным компонентом препарата, обладает Н-холиномиметической активностью. Эффект препарата состоит в возбуждении ганглиев вегетативной нервной системы, возбуждении дыхания рефлекторным путем, выделении адреналина из медуллярной части надпочечников, повышении АД. Механизм действия цитизина близок к механизму действия никотина, но с намного меньшей токсичностью и большим терапевтическим эффектом. Цитизин конкурентно подавляет взаимодействие никотина с соответствующими рецепторами, что приводит к постепенному уменьшению и исчезновению никотиновой зависимости.ПОКАЗАНИЯ:Табекс назначают при хроническом никотинизме для отвыкания от курения.ПРИМЕНЕНИЕ:таблетки Табекс принимают внутрь целыми, запивая достаточным количеством жидкости. Препарат применяют по следующей схеме: с 1-го по 3-й день — по 1 таблетке каждые 2 ч (6 таблеток в сутки).В то же время постепенно уменьшают количество выкуренных сигарет.Если результат неудовлетворительный, лечение прекращается и может быть возобновлено через 2–3 мес.При положительном эффекте терапию продолжают по такой схеме:с 4-го по 12-й день — по 1 таблетке каждые 2,5 ч (5 таблеток в сутки);с 13-го по 16-й день — по 1 таблетке каждые 3 ч (4 таблетки в сутки);с 17-го по 20-й день — по 1 таблетке каждые 5 ч (3 таблетки в сутки);с 21-го по 25-й день — по 1–2 таблетки в сутки.Окончательное прекращение курения должно произойти с 5-го дня от начала лечения. После завершения лечения пациенту следует проявить силу воли и не разрешать себе выкуривать ни одной сигареты.ПРОТИВОПОКАЗАНИЯ:Табекс противопоказан при повышенной чувствительности к любому из компонентов препарата, при остром инфаркте миокарда, нестабильной стенокардии, сердечной аритмии, недавно перенесенном цереброваскулярном заболевании, атеросклерозе; в период беременности и кормления грудью. Относительными противопоказаниями для его применения являются некоторые формы шизофрении, хромаффинные опухоли надпочечников, а также симптомы гастроэзофагеального рефлюкса, детский возраст.ПОБОЧНЫЕ ЭФФЕКТЫ:препарат обычно хорошо переносится. Редко возможно возникновение побочных эффектов от слабой до умеренной степени выраженности. Большинство из них проявляются в начале лечения и исчезают в ходе лечения. Чаще всего они связаны с никотиновой зависимостью. Возможны следующие нарушения:со стороны сердечно-сосудистой системы: тахикардия, незначительное повышение АД, пальпитация;со стороны ЦНС: головная боль, головокружение, бессонница, сонливость, повышенная раздражительность;со стороны дыхательной системы: диспноэ, одышка;со стороны ЖКТ: изменение вкусовых ощущений и аппетита, сухость во рту, боль в животе, тошнота, запор, диарея;со стороны опорно-двигательного аппарата: миалгия;нарушения метаболизма: уменьшение массы тела, повышенное потоотделение;общие нарушения: боль в грудной клетке.ОСОБЫЕ УКАЗАНИЯ:Табекс необходимо применять только в том случае, если пациент имеет серьезное намерение отказаться от курения. Применение препарата и одновременное курение могут привести к усилению побочных действий никотина (к никотиновой интоксикации).Нет достаточного клинического опыта применения Табекса у пациентов с ИБС, сердечной недостаточностью, АГ, цереброваскулярными заболеваниями, облитерирующими артериальными заболеваниями, гипертиреоидизмом, пептической язвой желудка, сахарным диабетом, почечной или печеночной недостаточностью. Этим категориям больных препарат следует назначать только после тщательной оценки врачом соотношения польза/риск.В связи с отсутствием клинических данных по безопасности применения препарата Табекс не рекомендуется применять у детей в возрасте до 18 лет и у взрослых в возрасте старше 65 лет.Это лекарственное средство содержит вспомогательное вещество лактозу. Существует опасность для лиц с редкими наследственными состояниями лактазной недостаточности, галактоземией или глюкозо-галактозным синдромом мальабсорбции, поэтому не следует применять препарат у этой категории пациентов.В период беременности и кормления грудью не рекомендуется применять препарат.Дети. Не применяют у детей в возрасте до 18 лет.Способность влиять на скорость реакции при управлении транспортными средствами или работе с другими механизмами. Применение препарата Табекс обычно не влияет на скорость реакции при управлении транспортными средствами или работе с другими механизмами.Учитывая, что редко у чувствительных пациентов при применении препарата могут возникнуть побочные реакции (сонливость, головокружение и др.), в начале лечения следует воздержаться от управления транспортными средствами и работы с другими механизмами.ВЗАИМОДЕЙСТВИЯ:Табекс не следует применять сочетанно с туберкулостатиками в связи с риском усиления побочных действий.При одновременном применении препарата Табекс с холиномиметиками и антихолинэстеразными лекарственными средствами возможно усиление холиномиметических побочных действий.ПЕРЕДОЗИРОВКА:симптомы: тошнота, рвота, расширение зрачков, общая слабость, тахикардия, клонические судороги, паралич дыхания.Лечение: промывание желудка, инфузионное введение водно-солевых и глюкозосодержащих р-ров, применяют противосудорожные препараты, кардиотонические, аналептические и другие симптоматические средства. Проводят мониторинг дыхания, АД и ЧСС.УСЛОВИЯ ХРАНЕНИЯ:в оригинальной упаковке (в сухом, защищенном от света месте) при температуре не выше 25 °С.', 0, 0, 1);
/*!40000 ALTER TABLE `product` ENABLE KEYS */;

-- Dumping structure for table nikita_pharmacy.product_order
CREATE TABLE IF NOT EXISTS `product_order` (
  `id` int(11) NOT NULL AUTO_INCREMENT,
  `user_name` varchar(255) NOT NULL,
  `user_phone` varchar(255) NOT NULL,
  `user_comment` text NOT NULL,
  `user_id` int(11) DEFAULT NULL,
  `date` timestamp NOT NULL DEFAULT CURRENT_TIMESTAMP,
  `products` text NOT NULL,
  `status` int(11) NOT NULL DEFAULT '1',
  PRIMARY KEY (`id`)
) ENGINE=MyISAM AUTO_INCREMENT=62 DEFAULT CHARSET=utf8;

-- Dumping data for table nikita_pharmacy.product_order: 17 rows
/*!40000 ALTER TABLE `product_order` DISABLE KEYS */;
INSERT INTO `product_order` (`id`, `user_name`, `user_phone`, `user_comment`, `user_id`, `date`, `products`, `status`) VALUES
	(45, 'fsdfsd', '1', '123123123', 4, '2015-05-14 12:54:45', '{"1":1,"2":1,"3":2}', 3),
	(46, 'САША1', 'g3424242342', 'Коля сосет!', 4, '2015-05-18 18:34:42', '{"44":3,"43":3}', 1),
	(47, 'Никита', '380974942907', 'Коля сосет!', 6, '2020-01-29 23:10:33', '{"58":0,"36":3}', 3),
	(48, 'Никита', '380974942907', 'Коля сосет!', 0, '2020-01-30 00:14:26', '{"36":4}', 1),
	(49, 'hdhdbdbf', '380974942907', '', 7, '2020-02-27 13:23:53', '{"58":1}', 1),
	(50, 'hdhdbdbf', '380974942907', '', 7, '2020-02-27 13:33:27', '{"58":1}', 1),
	(51, 'hdhdbdbf', '380974942907', '', 7, '2020-02-27 13:34:16', '{"58":1}', 1),
	(52, 'hdhdbdbf', '380974942907', '', 7, '2020-02-27 13:54:31', '{"58":1}', 1),
	(53, 'Никита', '380974942907', '', 6, '2020-02-27 13:55:59', '{"58":1}', 1),
	(54, 'Никита', '380974942907', '', 6, '2020-02-27 14:00:23', '{"58":1}', 1),
	(55, 'Никита', '380974942907', '', 6, '2020-02-27 14:00:48', 'false', 1),
	(56, 'Никита', '380974942907', '', 6, '2020-02-27 14:01:03', '{"58":1}', 1),
	(57, 'Никита', '380974942907', '', 6, '2020-02-27 14:06:07', '{"58":1}', 1),
	(58, 'hdhdbdbf', '380974942907', '', 7, '2020-02-27 14:07:10', '{"58":1}', 1),
	(59, 'Никита', '380974942907', '', 6, '2020-02-27 14:19:56', '{"57":1}', 1),
	(60, 'Никита', '380974942907', '', 6, '2020-02-27 14:21:09', '{"57":1}', 1),
	(61, 'Никита', '380974942907', '', 6, '2020-02-27 14:23:22', '{"57":1}', 1);
/*!40000 ALTER TABLE `product_order` ENABLE KEYS */;

-- Dumping structure for table nikita_pharmacy.promotions_and_discounts
CREATE TABLE IF NOT EXISTS `promotions_and_discounts` (
  `id` int(11) NOT NULL AUTO_INCREMENT,
  `name` varchar(128) COLLATE utf8mb4_unicode_ci DEFAULT NULL,
  `date_start` timestamp NULL DEFAULT NULL,
  `date_end` timestamp NULL DEFAULT NULL,
  `item_id` int(11) DEFAULT NULL,
  `item_type` char(1) COLLATE utf8mb4_unicode_ci DEFAULT 'P',
  `discount` int(11) DEFAULT NULL,
  KEY `id` (`id`)
) ENGINE=InnoDB AUTO_INCREMENT=3 DEFAULT CHARSET=utf8mb4 COLLATE=utf8mb4_unicode_ci;

-- Dumping data for table nikita_pharmacy.promotions_and_discounts: ~2 rows (approximately)
/*!40000 ALTER TABLE `promotions_and_discounts` DISABLE KEYS */;
INSERT INTO `promotions_and_discounts` (`id`, `name`, `date_start`, `date_end`, `item_id`, `item_type`, `discount`) VALUES
	(1, NULL, '2020-03-09 13:49:45', '2020-04-12 13:50:03', 34, 'P', 10),
	(2, NULL, '2020-03-10 14:04:46', '2020-04-12 14:05:02', 13, 'C', 20);
/*!40000 ALTER TABLE `promotions_and_discounts` ENABLE KEYS */;

-- Dumping structure for table nikita_pharmacy.user
CREATE TABLE IF NOT EXISTS `user` (
  `id` int(11) NOT NULL AUTO_INCREMENT,
  `name` varchar(255) NOT NULL,
  `email` varchar(255) NOT NULL,
  `password` varchar(255) NOT NULL,
  `role` varchar(50) DEFAULT NULL,
  PRIMARY KEY (`id`)
) ENGINE=InnoDB AUTO_INCREMENT=8 DEFAULT CHARSET=utf8;

-- Dumping data for table nikita_pharmacy.user: ~4 rows (approximately)
/*!40000 ALTER TABLE `user` DISABLE KEYS */;
INSERT INTO `user` (`id`, `name`, `email`, `password`, `role`) VALUES
	(3, 'Александр', 'alex@mail.com', '111111', ''),
	(4, 'Виктор Зинченко', 'zinchenko.us@gmail.com', '222222', 'admin'),
	(5, 'Сергей', 'serg@mail.com', '111111', ''),
	(6, 'Никита', 'adolphhitler@mail.com', '96e79218965eb72c92a549dd5a330112', 'admin'),
	(7, 'hdhdbdbf', 'dsadas@dada.dadae', '96e79218965eb72c92a549dd5a330112', NULL);
/*!40000 ALTER TABLE `user` ENABLE KEYS */;

-- Dumping structure for table nikita_pharmacy.user_recipes
CREATE TABLE IF NOT EXISTS `user_recipes` (
  `id` int(11) NOT NULL AUTO_INCREMENT,
  `user_id` int(11) NOT NULL,
  `date_created` datetime NOT NULL DEFAULT CURRENT_TIMESTAMP,
  `status` tinyint(4) NOT NULL DEFAULT '0',
  PRIMARY KEY (`id`)
) ENGINE=InnoDB AUTO_INCREMENT=1254017 DEFAULT CHARSET=utf8;

-- Dumping data for table nikita_pharmacy.user_recipes: ~3 rows (approximately)
/*!40000 ALTER TABLE `user_recipes` DISABLE KEYS */;
INSERT INTO `user_recipes` (`id`, `user_id`, `date_created`, `status`) VALUES
	(1, 6, '2020-02-13 14:42:45', 0),
	(1254014, 6, '2020-02-13 15:05:23', 1),
	(1254015, 6, '2020-02-13 16:05:53', 0),
	(1254016, 6, '2020-02-13 16:07:39', 2);
/*!40000 ALTER TABLE `user_recipes` ENABLE KEYS */;

/*!40101 SET SQL_MODE=IFNULL(@OLD_SQL_MODE, '') */;
/*!40014 SET FOREIGN_KEY_CHECKS=IF(@OLD_FOREIGN_KEY_CHECKS IS NULL, 1, @OLD_FOREIGN_KEY_CHECKS) */;
/*!40101 SET CHARACTER_SET_CLIENT=@OLD_CHARACTER_SET_CLIENT */;
